concept,category,mean,sd,lwr,upr,myvar,result,label,outcome
BRAIN,back,0.5233419440022734,0.24833914441961388,0.02666365516304564,1.0200202328415011,backness,New Results,BRAIN [back],Weak
DUST,back,0.5404671981316302,0.2485922211057888,0.04328275592005259,1.037651640343208,backness,New Results,DUST [back],Weak
NAVEL,back,0.504748488298323,0.24870885035049617,0.00733078759733069,1.0021661889993152,backness,New Results,NAVEL [back],Weak
BLUNT,rounded,0.4946088531405014,0.2278433085260025,0.03892223608849637,0.9502954701925064,roundedness,New Results,BLUNT [rounded],Weak
BRAIN,rounded,0.5725257122405014,0.2296958919425582,0.113133928355385,1.031917496125618,roundedness,New Results,BRAIN [rounded],Weak
COUGH,rounded,0.4650059830405014,0.2284179255951367,0.00817013185022796,0.9218418342307748,roundedness,New Results,COUGH [rounded],Weak
DUST,rounded,0.5804055890405014,0.2270049237081097,0.12639574162428197,1.0344154364567208,roundedness,New Results,DUST [rounded],Weak
NAVEL,rounded,0.5308236600405014,0.22782214824861372,0.07517936354327398,0.9864679565377288,roundedness,New Results,NAVEL [rounded],Weak
ROUND,rounded,0.4604903520405014,0.2294857263299729,0.0015188993805556,0.9194618047004472,roundedness,New Results,ROUND [rounded],Weak
SUCK,rounded,0.4994256239405014,0.22743641677061024,0.04455279039928095,0.9542984574817218,roundedness,New Results,SUCK [rounded],Weak
CRUSH,high-front,-0.6489210826226353,0.284208075657156,-1.2173372339369473,-0.08050493130832326,extreme,New Results,CRUSH [high-front],Weak
DUST,high-back,0.476100244222769,0.2096555758481681,0.05678909252643277,0.8954113959191052,extreme,New Results,DUST [high-back],Weak
NAVEL,high-back,0.4200680875739131,0.20743825231363103,0.00519158294665106,0.8349445922011751,extreme,New Results,NAVEL [high-back],Weak
SUCK,high-back,0.4429165789647018,0.20767958670176775,0.02755740556116626,0.8582757523682374,extreme,New Results,SUCK [high-back],Weak
BLOW (OF WIND),high-back-rounded,0.3418462097301149,0.13500514797587546,0.07183591377836401,0.6118565056818659,extreme_roundedness,New Results,BLOW (OF WIND) [high-back-rounded],Weak
BLUNT,high-back-rounded,0.3541180904742895,0.13776837585096235,0.07858133877236478,0.6296548421762143,extreme_roundedness,New Results,BLUNT [high-back-rounded],Weak
BRAIN,high-back-rounded,0.4025230817401226,0.13768389655902358,0.12715528862207542,0.6778908748581698,extreme_roundedness,New Results,BRAIN [high-back-rounded],Weak
COUGH,high-back-rounded,0.37473968045972744,0.13805224552798565,0.09863518940375617,0.6508441715156987,extreme_roundedness,New Results,COUGH [high-back-rounded],Weak
CRUSH,high-front-unrounded,-0.7474838625259118,0.2843990350529863,-1.3162819326318844,-0.1786857924199392,extreme_roundedness,New Results,CRUSH [high-front-unrounded],Weak
DUST,high-back-rounded,0.5023740435191543,0.13713183179331614,0.228110379932522,0.7766377071057866,extreme_roundedness,New Results,DUST [high-back-rounded],Strong
FOUR,high-back-rounded,-0.3164576309493976,0.13918090385229684,-0.5948194386539913,-0.03809582324480393,extreme_roundedness,New Results,FOUR [high-back-rounded],Weak
HAIR,high-back-rounded,0.32429599846017176,0.13596667137618437,0.05236265570780302,0.5962293412125406,extreme_roundedness,New Results,HAIR [high-back-rounded],Weak
HEAD,high-back-rounded,0.3569840375200336,0.13635563844686113,0.08427276062631134,0.6296953144137558,extreme_roundedness,New Results,HEAD [high-back-rounded],Weak
KNEE,high-back-rounded,0.4124077580986667,0.1362116103052438,0.13998453748817913,0.6848309787091542,extreme_roundedness,New Results,KNEE [high-back-rounded],Weak
LAUGH,high-back-rounded,-0.3099266519145344,0.13845837603838743,-0.5868434039913093,-0.03300989983775954,extreme_roundedness,New Results,LAUGH [high-back-rounded],Weak
LIVER,high-back-rounded,-0.28665291274365157,0.14027413556644297,-0.5672011838765375,-0.00610464161076562,extreme_roundedness,New Results,LIVER [high-back-rounded],Weak
NAME,high-back-rounded,-0.3307779805388432,0.13769226520439518,-0.6061625109476336,-0.05539345013005287,extreme_roundedness,New Results,NAME [high-back-rounded],Weak
NAVEL,high-back-rounded,0.4432649634661744,0.1354697457100723,0.17232547204602983,0.7142044548863191,extreme_roundedness,New Results,NAVEL [high-back-rounded],Weak
NEAR,high-back-rounded,-0.28459530973507197,0.1392934845542171,-0.5631822788435061,-0.00600834062663774,extreme_roundedness,New Results,NEAR [high-back-rounded],Weak
NECK,high-back-rounded,0.2991616287534582,0.13704762711631924,0.02506637452081972,0.5732568829860967,extreme_roundedness,New Results,NECK [high-back-rounded],Weak
NOSE,high-back-rounded,0.3229074663630272,0.13452290026184344,0.05386166583934032,0.591953266886714,extreme_roundedness,New Results,NOSE [high-back-rounded],Weak
ROTTEN,high-back-rounded,0.2792725392219222,0.13842254083196617,0.00242745755798984,0.5561176208858545,extreme_roundedness,New Results,ROTTEN [high-back-rounded],Weak
ROUND,high-back-rounded,0.33374027873218687,0.13772358549359645,0.05829310774499396,0.6091874497193798,extreme_roundedness,New Results,ROUND [high-back-rounded],Weak
SEA,high-back-rounded,-0.3113355676090767,0.14327391629928887,-0.5978834002076545,-0.02478773501049896,extreme_roundedness,New Results,SEA [high-back-rounded],Weak
SHORT,high-back-rounded,0.2979933576519229,0.1359961740562805,0.0260010095393619,0.5699857057644839,extreme_roundedness,New Results,SHORT [high-back-rounded],Weak
SMOKE (EXHAUST),high-back-rounded,0.366779984761007,0.13584559828483014,0.0950887881913467,0.6384711813306673,extreme_roundedness,New Results,SMOKE (EXHAUST) [high-back-rounded],Weak
SUCK,high-back-rounded,0.42660364509253473,0.1354403253839984,0.15572299432453796,0.6974842958605315,extreme_roundedness,New Results,SUCK [high-back-rounded],Weak
TEN,high-back-rounded,0.27687278760293643,0.1366238543081051,0.0036250789867262,0.5501204962191466,extreme_roundedness,New Results,TEN [high-back-rounded],Weak
THIN,high-back-rounded,-0.38769729085939497,0.13937917234651656,-0.666455635552428,-0.10893894616636184,extreme_roundedness,New Results,THIN [high-back-rounded],Weak
THIS,high-back-rounded,-0.3191299857430864,0.1362924338445005,-0.5917148534320873,-0.0465451180540854,extreme_roundedness,New Results,THIS [high-back-rounded],Weak
THROAT,high-back-rounded,0.31786175593940674,0.13885575293121868,0.04015025007696937,0.5955732618018441,extreme_roundedness,New Results,THROAT [high-back-rounded],Weak
TONGUE,high-back-rounded,-0.3180600985076668,0.1374989268762059,-0.5930579522600787,-0.04306224475525494,extreme_roundedness,New Results,TONGUE [high-back-rounded],Weak
WHAT,high-back-rounded,-0.3813801856873104,0.13943727304505774,-0.6602547317774259,-0.10250563959719489,extreme_roundedness,New Results,WHAT [high-back-rounded],Weak
WHEN,high-back-rounded,-0.3065772961800413,0.14326305007349066,-0.5931033963270227,-0.02005119603305999,extreme_roundedness,New Results,WHEN [high-back-rounded],Weak
WHERE,high-back-rounded,-0.3163636451761878,0.14066403754344448,-0.5976917202630767,-0.03503557008929886,extreme_roundedness,New Results,WHERE [high-back-rounded],Weak
WHO,high-back-rounded,-0.2771237763803981,0.13705447003743637,-0.5512327164552708,-0.00301483630552534,extreme_roundedness,New Results,WHO [high-back-rounded],Weak
AIR,continuant,0.365918466366165,0.17799179363391163,0.00993487909834167,0.7219020536339883,manner,New Results,AIR [continuant],Weak
BLOW (OF WIND),continuant,0.377499598951912,0.1777547070942098,0.02199018476349246,0.7330090131403316,manner,New Results,BLOW (OF WIND) [continuant],Weak
BREATHE,stop,-0.5175427825161284,0.2319367586284244,-0.9814162997729772,-0.05366926525927956,manner,New Results,BREATHE [stop],Weak
CRUSH,stop,0.5186603149768767,0.2459967187211702,0.02666687753453628,1.0106537524192172,manner,New Results,CRUSH [stop],Weak
FIVE,nasal,0.4606907582932587,0.2222014212359651,0.01628791582132849,0.9050936007651889,manner,New Results,FIVE [nasal],Weak
I,nasal,0.6600158394786365,0.22112469403670815,0.21776645140522016,1.1022652275520528,manner,New Results,I [nasal],Weak
I,stop,-0.6171743993394363,0.23451124410468344,-1.086196887548803,-0.14815191113006942,manner,New Results,I [stop],Weak
NAME,nasal,0.4655514380943743,0.22185931969155093,0.02183279871127247,0.9092700774774762,manner,New Results,NAME [nasal],Weak
NAME,stop,-0.5022191635935231,0.23218030439679088,-0.9665797723871048,-0.03785855479994138,manner,New Results,NAME [stop],Weak
NEW,continuant,0.3598340568904134,0.1767855400696104,0.00626297675119263,0.7134051370296342,manner,New Results,NEW [continuant],Weak
NOT,nasal,0.5459791201325278,0.22388797417924583,0.09820317177403616,0.9937550684910196,manner,New Results,NOT [nasal],Weak
SMELL,nasal,0.5277548829329877,0.22927663633440748,0.06920161026417271,0.9863081556018026,manner,New Results,SMELL [nasal],Weak
SMELL,stop,-0.5194340991295066,0.24056465228601095,-1.0005634037015283,-0.03830479455748464,manner,New Results,SMELL [stop],Weak
TASTE,nasal,0.531169199402586,0.24164668312992932,0.04787583314272736,1.0144625656624446,manner,New Results,TASTE [nasal],Weak
THOU,nasal,0.4721402708338265,0.22282781557312056,0.02648463968758535,0.9177959019800676,manner,New Results,THOU [nasal],Weak
TONGUE,lateral,0.37194010185887505,0.13784379336151403,0.09625251513584698,0.6476276885819031,manner,New Results,TONGUE [lateral],Weak
WE (EXCLUSIVE),nasal,0.5581870847185215,0.22487119541231365,0.10844469389389422,1.0079294755431487,manner,New Results,WE (EXCLUSIVE) [nasal],Weak
WE (EXCLUSIVE),stop,-0.5356270896528397,0.23715190171802125,-1.0099308930888822,-0.06132328621679717,manner,New Results,WE (EXCLUSIVE) [stop],Weak
YOU,nasal,0.4909602031598523,0.22454391615351948,0.04187237085281331,0.9400480354668912,manner,New Results,YOU [nasal],Weak
YOUNGER SISTER (OF MAN),nasal,0.8479828952807664,0.25736556941888006,0.3332517564430063,1.3627140341185269,manner,New Results,YOUNGER SISTER (OF MAN) [nasal],Strong
YOUNGER SISTER (OF MAN),stop,-0.7110367071679012,0.27283118749263086,-1.256699082153163,-0.16537433218263953,manner,New Results,YOUNGER SISTER (OF MAN) [stop],Weak
I,nasal-voiced,0.5512105866384314,0.2124455887254676,0.12631940918749612,0.9761017640893666,manner_voicing,New Results,I [nasal-voiced],Weak
NOT,nasal-voiced,0.45612372465961304,0.21515446075921765,0.02581480314117773,0.8864326461780483,manner_voicing,New Results,NOT [nasal-voiced],Weak
SMELL,nasal-voiced,0.48115091304069973,0.21881526204037288,0.04352038895995397,0.9187814371214456,manner_voicing,New Results,SMELL [nasal-voiced],Weak
TASTE,nasal-voiced,0.5124515395154311,0.232210946879788,0.04802964575585505,0.9768734332750072,manner_voicing,New Results,TASTE [nasal-voiced],Weak
TONGUE,lateral-voiced,0.3370429431149161,0.12275269308096654,0.09153755695298305,0.5825483292768492,manner_voicing,New Results,TONGUE [lateral-voiced],Weak
WE (EXCLUSIVE),nasal-voiced,0.5006482995073078,0.2166713847742208,0.06730552995886624,0.9339910690557494,manner_voicing,New Results,WE (EXCLUSIVE) [nasal-voiced],Weak
YOU,nasal-voiced,0.45372798728397346,0.21520454528287797,0.02331889671821752,0.8841370778497294,manner_voicing,New Results,YOU [nasal-voiced],Weak
YOUNGER SISTER (OF MAN),nasal-voiced,0.7226313501610588,0.2502078434480877,0.2222156632648834,1.2230470370572344,manner_voicing,New Results,YOUNGER SISTER (OF MAN) [nasal-voiced],Weak
BITTER,velar,0.4875703472361664,0.1955779136930713,0.09641451985002386,0.878726174622309,position,New Results,BITTER [velar],Weak
CROOKED,velar,0.5488892093392198,0.19651238411899347,0.15586444110123288,0.9419139775772069,position,New Results,CROOKED [velar],Weak
FLAT,labial,0.4397396100372603,0.20728954302848523,0.02516052398028984,0.8543186960942308,position,New Results,FLAT [labial],Weak
HARD,velar,0.4746903516153897,0.1961904238933038,0.0823095038287821,0.8670711994019973,position,New Results,HARD [velar],Weak
NOT,labial,0.46884325018485495,0.20436973214286835,0.06010378589911824,0.8775827144705917,position,New Results,NOT [labial],Weak
SNORE,velar,0.4368463501388071,0.2017234915874113,0.0333993669639846,0.8402933333136297,position,New Results,SNORE [velar],Weak
TASTE,labial,0.6286140489297332,0.22152387971178417,0.18556628950616483,1.0716618083533014,position,New Results,TASTE [labial],Weak
YAWN,labial,0.429208335938462,0.203595201664477,0.02201793260950796,0.8363987392674159,position,New Results,YAWN [labial],Weak
BITE,velar-unvoiced,0.308126645805484,0.14415455863359766,0.01981752853828866,0.5964357630726793,position_voicing,New Results,BITE [velar-unvoiced],Weak
BITTER,velar-unvoiced,0.3423374507038908,0.14834410867079068,0.04564923336230947,0.6390256680454722,position_voicing,New Results,BITTER [velar-unvoiced],Weak
BLOW (OF WIND),labial-unvoiced,0.23708269676870547,0.10104097364135375,0.03500074948599793,0.439164644051413,position_voicing,New Results,BLOW (OF WIND) [labial-unvoiced],Weak
COUGH,velar-unvoiced,0.33713794321685864,0.14914196676897182,0.038854009678915,0.6354218767548023,position_voicing,New Results,COUGH [velar-unvoiced],Weak
CRUSH,labial-voiced,-0.4035674576770346,0.1913859417236227,-0.7863393411242801,-0.02079557422978933,position_voicing,New Results,CRUSH [labial-voiced],Weak
DIE,labial-voiced,0.37634408556226806,0.17314552341654918,0.0300530387291697,0.7226351323953664,position_voicing,New Results,DIE [labial-voiced],Weak
FLAT,labial-unvoiced,0.3115466247151317,0.11188826215845415,0.08777010039822339,0.53532314903204,position_voicing,New Results,FLAT [labial-unvoiced],Weak
HARD,velar-unvoiced,0.30329872511543055,0.1484525615914463,0.00639360193253796,0.6002038482983232,position_voicing,New Results,HARD [velar-unvoiced],Weak
MILK,labial-voiced,0.3640554408279511,0.17325746504037132,0.01754051074720847,0.7105703709086937,position_voicing,New Results,MILK [labial-voiced],Weak
NOT,labial-voiced,0.4185306709289961,0.1746745923714619,0.06918148618607228,0.76787985567192,position_voicing,New Results,NOT [labial-voiced],Weak
SEVEN,alveolar-unvoiced,0.4062417532276843,0.13164554601188033,0.14295066120392363,0.669532845251445,position_voicing,New Results,SEVEN [alveolar-unvoiced],Weak
TASTE,labial-voiced,0.6992251368862336,0.18959687989592963,0.3200313770943743,1.0784188966780928,position_voicing,New Results,TASTE [labial-voiced],Strong
THREE,alveolar-unvoiced,0.3502213086745831,0.13694020013351366,0.07634090840755581,0.6241017089416104,position_voicing,New Results,THREE [alveolar-unvoiced],Weak
WING,labial-unvoiced,0.26776820703941423,0.10603357839875678,0.05570105024190067,0.4798353638369278,position_voicing,New Results,WING [labial-unvoiced],Weak
YAWN,labial-voiced,0.3836630141776195,0.17437792226471063,0.03490716964819823,0.7324188587070408,position_voicing,New Results,YAWN [labial-voiced],Weak
I,consonant,-0.25031566113612,NA,-0.348874670304262,-0.152415373959229,vowelConsonant,Original Results,NA,Weak
THOU,consonant,-0.478736916314568,NA,-0.579899947193012,-0.379688709838239,vowelConsonant,Original Results,THOU [consonant],Strong
THEY,consonant,-0.379682556648206,NA,-0.480774814572526,-0.279753453733637,vowelConsonant,Original Results,THEY [consonant],Strong
HE OR SHE OR IT,consonant,-0.549741705791474,NA,-0.648096920916314,-0.453549485561403,vowelConsonant,Original Results,HE OR SHE OR IT [consonant],Strong
COME,consonant,-0.25853921674973,NA,-0.357523747444707,-0.160048217648028,vowelConsonant,Original Results,NA,Weak
CRY,consonant,-0.248705374399551,NA,-0.347257878821065,-0.151991257985146,vowelConsonant,Original Results,NA,Weak
DO,consonant,-0.241025713066261,NA,-0.337555027573815,-0.144093484072388,vowelConsonant,Original Results,NA,Weak
EAT,consonant,-0.23357717872331,NA,-0.328578782165202,-0.138265928760832,vowelConsonant,Original Results,NA,Weak
GO,consonant,-0.408352945167057,NA,-0.505450016118135,-0.313824709205293,vowelConsonant,Original Results,GO [consonant],Strong
HERE,consonant,-0.404561512627188,NA,-0.510985098793463,-0.300438110353124,vowelConsonant,Original Results,HERE [consonant],Strong
ROUGH,consonant,0.25010708422704,NA,0.131955819470356,0.368191700829375,vowelConsonant,Original Results,NA,Weak
SUCK,consonant,0.236010852062964,NA,0.131425142369316,0.344065386703916,vowelConsonant,Original Results,NA,Weak
THAT,consonant,-0.291433476756646,NA,-0.392542512732797,-0.191003489720792,vowelConsonant,Original Results,NA,Weak
THIS,consonant,-0.449894212044182,NA,-0.551603093239941,-0.348901491793972,vowelConsonant,Original Results,THIS [consonant],Strong
TREE,consonant,-0.277260033908857,NA,-0.378915177276217,-0.177413470748443,vowelConsonant,Original Results,NA,Weak
WHO,consonant,-0.272480753237485,NA,-0.371723449621246,-0.172432014780895,vowelConsonant,Original Results,NA,Weak
I,vowel,0.25031566113612,NA,0.152415373959229,0.348874670304261,vowelConsonant,Original Results,NA,Weak
THOU,vowel,0.478736916314569,NA,0.379688709838239,0.579899947193011,vowelConsonant,Original Results,THOU [vowel],Strong
THEY,vowel,0.379682556648206,NA,0.279753453733638,0.480774814572526,vowelConsonant,Original Results,THEY [vowel],Strong
HE OR SHE OR IT,vowel,0.549741705791474,NA,0.453549485561403,0.648096920916313,vowelConsonant,Original Results,HE OR SHE OR IT [vowel],Strong
COME,vowel,0.25853921674973,NA,0.160048217648029,0.357523747444708,vowelConsonant,Original Results,NA,Weak
CRY,vowel,0.248705374399551,NA,0.151991257985146,0.347257878821065,vowelConsonant,Original Results,NA,Weak
DO,vowel,0.241025713066261,NA,0.144093484072387,0.337555027573815,vowelConsonant,Original Results,NA,Weak
EAT,vowel,0.233577178723309,NA,0.138265928760832,0.328578782165202,vowelConsonant,Original Results,NA,Weak
GO,vowel,0.408352945167056,NA,0.313824709205293,0.505450016118135,vowelConsonant,Original Results,GO [vowel],Strong
HERE,vowel,0.404561512627188,NA,0.300438110353124,0.510985098793463,vowelConsonant,Original Results,HERE [vowel],Strong
ROUGH,vowel,-0.25010708422704,NA,-0.368191700829376,-0.131955819470356,vowelConsonant,Original Results,NA,Weak
SUCK,vowel,-0.236010852062963,NA,-0.344065386703917,-0.131425142369316,vowelConsonant,Original Results,NA,Weak
THAT,vowel,0.291433476756645,NA,0.191003489720792,0.392542512732797,vowelConsonant,Original Results,NA,Weak
THIS,vowel,0.449894212044182,NA,0.348901491793972,0.551603093239941,vowelConsonant,Original Results,THIS [vowel],Strong
TREE,vowel,0.277260033908857,NA,0.177413470748443,0.378915177276218,vowelConsonant,Original Results,NA,Weak
WHO,vowel,0.272480753237485,NA,0.172432014780894,0.371723449621246,vowelConsonant,Original Results,NA,Weak
THOU,back,-0.230714573376982,NA,-0.382627775303857,-0.086468644951919,backness,Original Results,NA,Weak
ASH,back,0.368664904246346,NA,0.216114537944375,0.526255928721501,backness,Original Results,NA,Weak
BACK,back,0.254645475947584,NA,0.11113764316178,0.402882978184002,backness,Original Results,NA,Weak
BLOW (OF WIND),back,0.570502753084456,NA,0.414092527820082,0.745505432181314,backness,Original Results,BLOW (OF WIND) [back],Strong
BLUNT,back,0.351422695669562,NA,0.18678771859568,0.522600185170217,backness,Original Results,NA,Weak
BRAIN,back,0.24185320216103,NA,0.084598616599135,0.397520807524354,backness,Original Results,NA,Weak
BREAST,back,0.230620545627479,NA,0.086890166468401,0.373829763221627,backness,Original Results,NA,Weak
CLOUD,back,0.294683233917901,NA,0.143806990381281,0.453965573133829,backness,Original Results,NA,Weak
COUGH,back,0.433931151689195,NA,0.281784296483124,0.591600657316417,backness,Original Results,COUGH [back],Strong
DARK,back,0.272133568407404,NA,0.126294973594399,0.422756507971039,backness,Original Results,NA,Weak
DUST,back,0.421855451223483,NA,0.269578306523024,0.587480153242727,backness,Original Results,DUST [back],Strong
FLAT,back,-0.313851282357041,NA,-0.481741531274724,-0.148023998792072,backness,Original Results,NA,Weak
KNEE,back,0.267348897846384,NA,0.117937941462783,0.428251564978587,backness,Original Results,NA,Weak
LUNG,back,0.360294163921031,NA,0.212043886717582,0.523798828313493,backness,Original Results,NA,Weak
NAVEL,back,0.423762269118388,NA,0.271243090771581,0.592948883115199,backness,Original Results,NAVEL [back],Strong
NECK,back,0.357957209348571,NA,0.216700208993321,0.503934708986364,backness,Original Results,NA,Weak
NIPPLE,back,0.316380537062177,NA,0.135029360447418,0.493473622493406,backness,Original Results,NA,Weak
NOSE,back,0.237888403969947,NA,0.095999474126566,0.384943505035598,backness,Original Results,NA,Weak
ROTTEN,back,0.281995970223395,NA,0.127785145883354,0.43933392644706,backness,Original Results,NA,Weak
ROUND,back,0.405536378069591,NA,0.247914104991259,0.573959360751793,backness,Original Results,ROUND [back],Strong
SHORT,back,0.319881822940376,NA,0.169224897587274,0.47334496825976,backness,Original Results,NA,Weak
SMOKE (EXHAUST),back,0.345407410254732,NA,0.200112905085166,0.504109902561926,backness,Original Results,NA,Weak
SNEEZE,back,-0.302812551849762,NA,-0.467362326232741,-0.149101648465449,backness,Original Results,NA,Weak
SNORE,back,0.357229639082503,NA,0.194548268251858,0.5226610586799,backness,Original Results,NA,Weak
SPIT,back,0.304512663938231,NA,0.152429737447467,0.46263206801336,backness,Original Results,NA,Weak
SUCK,back,0.51156196906673,NA,0.355392012567535,0.680301414098542,backness,Original Results,SUCK [back],Strong
THICK,back,0.230685412770024,NA,0.079217003471397,0.387172576344192,backness,Original Results,NA,Weak
THIS,back,-0.238691435362801,NA,-0.389771505844544,-0.093523178353847,backness,Original Results,NA,Weak
THROAT,back,0.398285817201178,NA,0.246971323493095,0.561200620265665,backness,Original Results,THROAT [back],Strong
WHAT,back,-0.228055608583874,NA,-0.375308197865573,-0.085260680422903,backness,Original Results,NA,Weak
WHO,back,-0.247474791873233,NA,-0.394464588998481,-0.10375828624755,backness,Original Results,NA,Weak
ASH,central,0.252471881655656,NA,0.105072077613571,0.384959806049709,backness,Original Results,NA,Weak
BLOW (OF WIND),central,0.377144247228777,NA,0.228333669506952,0.508383080531772,backness,Original Results,BLOW (OF WIND) [central],Strong
BLUNT,central,0.258893812063344,NA,0.104632760733635,0.398307844061366,backness,Original Results,NA,Weak
COUGH,central,0.29803037810124,NA,0.154920850041451,0.428666922719232,backness,Original Results,NA,Weak
DARK,central,0.227175660161175,NA,0.088996717600681,0.362342656169204,backness,Original Results,NA,Weak
DUST,central,0.300350010504705,NA,0.152532981194339,0.432469508432964,backness,Original Results,NA,Weak
FLAT,central,-0.24341005183893,NA,-0.404078847554152,-0.08352412504922,backness,Original Results,NA,Weak
LUNG,central,0.249490741576606,NA,0.103315794923819,0.377826986508885,backness,Original Results,NA,Weak
NAVEL,central,0.283810375017604,NA,0.13863207427368,0.415237865914611,backness,Original Results,NA,Weak
NECK,central,0.264542995521844,NA,0.129685191544273,0.389783507371183,backness,Original Results,NA,Weak
NIPPLE,central,0.233211561360263,NA,0.064579950495971,0.387592759236023,backness,Original Results,NA,Weak
ROUND,central,0.283150293586269,NA,0.134178575356548,0.418669339360025,backness,Original Results,NA,Weak
SMOKE (EXHAUST),central,0.237552719070098,NA,0.095110256553126,0.36877941084862,backness,Original Results,NA,Weak
SNEEZE,central,-0.245694062014277,NA,-0.398252598354633,-0.093624745128122,backness,Original Results,NA,Weak
SNORE,central,0.249890820453873,NA,0.09743532369801,0.390418329090806,backness,Original Results,NA,Weak
SUCK,central,0.370816155433504,NA,0.229386610101475,0.499937367924101,backness,Original Results,SUCK [central],Strong
THROAT,central,0.283258889679589,NA,0.142464363971934,0.416088416759377,backness,Original Results,NA,Weak
THOU,front,0.257420544808001,NA,0.081339901212972,0.432029127298473,backness,Original Results,NA,Weak
ASH,front,-0.459307129252761,NA,-0.649133551012543,-0.271295637859581,backness,Original Results,ASH [front],Strong
BACK,front,-0.323388877046998,NA,-0.511122682652442,-0.145636644712346,backness,Original Results,NA,Weak
BLACK,front,-0.225223041120117,NA,-0.397943473953194,-0.052797594072095,backness,Original Results,NA,Weak
BLOW (OF WIND),front,-0.722829174021562,NA,-0.921248501458751,-0.53238750313988,backness,Original Results,BLOW (OF WIND) [front],Strong
BLUNT,front,-0.446261071540623,NA,-0.66361067910681,-0.235966083574381,backness,Original Results,BLUNT [front],Strong
BRAIN,front,-0.308329876069736,NA,-0.508753178378201,-0.106580215559257,backness,Original Results,NA,Weak
BREAST,front,-0.296425872426899,NA,-0.4762929209257,-0.115359049128639,backness,Original Results,NA,Weak
BUTTOCKS,front,-0.271755647478092,NA,-0.476625483102684,-0.070456544607421,backness,Original Results,NA,Weak
CLOUD,front,-0.365928877028604,NA,-0.558482027461644,-0.175827866691786,backness,Original Results,NA,Weak
COUGH,front,-0.54522019105511,NA,-0.739544334878283,-0.354828502330486,backness,Original Results,COUGH [front],Strong
DARK,front,-0.359119368201973,NA,-0.552127784219456,-0.170839222275985,backness,Original Results,NA,Weak
DEEP,front,-0.263366525949591,NA,-0.468007055319306,-0.063183806111163,backness,Original Results,NA,Weak
DUST,front,-0.5359312210629,NA,-0.73386497569371,-0.341506002350181,backness,Original Results,DUST [front],Strong
EGG,front,-0.269542279753922,NA,-0.455789046809361,-0.084262209188031,backness,Original Results,NA,Weak
FLAT,front,0.375923271792419,NA,0.181550659249571,0.568112068226766,backness,Original Results,NA,Weak
HEAD,front,-0.233058149011414,NA,-0.40518622392304,-0.055906003685105,backness,Original Results,NA,Weak
KNEE,front,-0.320447585463787,NA,-0.506703535230475,-0.134482624497225,backness,Original Results,NA,Weak
LUNG,front,-0.450116987923827,NA,-0.642922806204448,-0.259588834048354,backness,Original Results,LUNG [front],Strong
NAVEL,front,-0.525321450773495,NA,-0.724658680149323,-0.333792998113426,backness,Original Results,NAVEL [front],Strong
NECK,front,-0.457540253477256,NA,-0.637161224374709,-0.280293903504738,backness,Original Results,NECK [front],Strong
NIPPLE,front,-0.40032063318278,NA,-0.636259962381472,-0.167772752341902,backness,Original Results,NA,Weak
NOSE,front,-0.299698385000108,NA,-0.478623280595901,-0.12416146652192,backness,Original Results,NA,Weak
NOT,front,0.260348564115443,NA,0.08675666320455,0.434107196917741,backness,Original Results,NA,Weak
ROTTEN,front,-0.348530210755957,NA,-0.544234298890931,-0.152520704883339,backness,Original Results,NA,Weak
ROUND,front,-0.510777764081397,NA,-0.710407957507338,-0.310390516147176,backness,Original Results,ROUND [front],Strong
SAY,front,0.244292942927674,NA,0.075936164931062,0.407575327535323,backness,Original Results,NA,Weak
SHORT,front,-0.395423058684021,NA,-0.582386717859471,-0.210137513210588,backness,Original Results,NA,Weak
SMOKE (EXHAUST),front,-0.428927077827388,NA,-0.618975476966026,-0.249467351546714,backness,Original Results,SMOKE (EXHAUST) [front],Strong
SNEEZE,front,0.368743292119144,NA,0.186258910577548,0.555320426328457,backness,Original Results,NA,Weak
SNORE,front,-0.447607573364714,NA,-0.656044183770502,-0.242774060098532,backness,Original Results,SNORE [front],Strong
SPIT,front,-0.374042180578744,NA,-0.568639166201097,-0.187478891104293,backness,Original Results,NA,Weak
SUCK,front,-0.662311701428862,NA,-0.871675600943799,-0.460641448465517,backness,Original Results,SUCK [front],Strong
TESTICLES,front,-0.243121672478557,NA,-0.44738254078862,-0.044041711050272,backness,Original Results,NA,Weak
THICK,front,-0.296937573252211,NA,-0.49528644602441,-0.104404591521572,backness,Original Results,NA,Weak
THIS,front,0.272641861450528,NA,0.099621328791975,0.445501533539653,backness,Original Results,NA,Weak
THROAT,front,-0.505110168137784,NA,-0.699196330855927,-0.310584539240246,backness,Original Results,THROAT [front],Strong
WHAT,front,0.27250237271245,NA,0.102000986409924,0.436393789075563,backness,Original Results,NA,Weak
WHO,front,0.292520731654244,NA,0.123323663632149,0.45806131970184,backness,Original Results,NA,Weak
WHY,front,0.238211414016106,NA,0.052773861800903,0.415379253767735,backness,Original Results,NA,Weak
BLOW (OF WIND),high,0.27400082762553,NA,0.148325502648048,0.409724234759434,height,Original Results,NA,Weak
FART,high,0.223806080426905,NA,0.086927937218506,0.35929937463229,height,Original Results,NA,Weak
FLAT,high,-0.295431827841357,NA,-0.449516904894368,-0.151536978449748,height,Original Results,NA,Weak
MILK,high,0.224322503069265,NA,0.102781460836707,0.351002523716808,height,Original Results,NA,Weak
NAVEL,high,0.243273646229868,NA,0.119728632036353,0.375964639956285,height,Original Results,NA,Weak
NOSE,high,0.260976794864718,NA,0.14323778295412,0.389046539889352,height,Original Results,NA,Weak
SUCK,high,0.225701682084682,NA,0.101346831727154,0.357894275362647,height,Original Results,NA,Weak
YAWN,high,-0.34021887091425,NA,-0.488234815220118,-0.192959880697974,height,Original Results,NA,Weak
ASH,low,-0.256446516005134,NA,-0.456550543319621,-0.061805357351026,height,Original Results,NA,Weak
BIRD,low,-0.280277043048164,NA,-0.477644123132744,-0.085604180129474,height,Original Results,NA,Weak
BLOW (OF WIND),low,-0.411459903763739,NA,-0.597661199448244,-0.222540388986179,height,Original Results,NA,Weak
BLUNT,low,-0.308516408604733,NA,-0.523685468711888,-0.090942289137424,height,Original Results,NA,Weak
BRAIN,low,-0.248992903146254,NA,-0.4510191142678,-0.044434373945405,height,Original Results,NA,Weak
BREAST,low,-0.236371526635815,NA,-0.432347989662993,-0.04553561413602,height,Original Results,NA,Weak
BUTTOCKS,low,-0.344184124695203,NA,-0.556270654360884,-0.133642054230942,height,Original Results,NA,Weak
COUGH,low,-0.336421147219046,NA,-0.54581319918975,-0.136039132415535,height,Original Results,NA,Weak
DARK,low,-0.32677155125847,NA,-0.527221347385453,-0.129572087196567,height,Original Results,NA,Weak
DAY (NOT NIGHT),low,0.235027810342471,NA,0.047557441998054,0.415583753700039,height,Original Results,NA,Weak
DUST,low,-0.311279398149193,NA,-0.518773309867037,-0.108377022878033,height,Original Results,NA,Weak
EGG,low,-0.225935373372007,NA,-0.41856307093588,-0.036894705787458,height,Original Results,NA,Weak
EYE,low,-0.281737018664666,NA,-0.47031016073607,-0.096846760033807,height,Original Results,NA,Weak
FART,low,-0.372908765786725,NA,-0.607964388404461,-0.141117126361339,height,Original Results,NA,Weak
FINGERNAIL,low,-0.225196936718939,NA,-0.422525946367189,-0.034588950195603,height,Original Results,NA,Weak
FLAT,low,0.49567277244802,NA,0.289087284928448,0.708413738133608,height,Original Results,FLAT [low],Strong
HAIR,low,-0.233607931285021,NA,-0.417525105769318,-0.050316663276706,height,Original Results,NA,Weak
HARD,low,0.225550380479376,NA,0.029412264684305,0.420559220165993,height,Original Results,NA,Weak
HEART,low,-0.258340717302259,NA,-0.44526007485075503,-0.070364659549259,height,Original Results,NA,Weak
HEAVY,low,-0.240841768506818,NA,-0.428568607317134,-0.051132589006205,height,Original Results,NA,Weak
LEAF,low,0.26847462980379,NA,0.074581960770863,0.460529215154338,height,Original Results,NA,Weak
LOUSE,low,-0.318435121952982,NA,-0.516486433374105,-0.126781200519646,height,Original Results,NA,Weak
MILK,low,-0.396080016885195,NA,-0.593300188038392,-0.200478619202475,height,Original Results,NA,Weak
NAVEL,low,-0.396341188660613,NA,-0.599665102712749,-0.200715682258072,height,Original Results,NA,Weak
NECK,low,-0.259887281598846,NA,-0.452821359696517,-0.068975156459222,height,Original Results,NA,Weak
NIGHT,low,-0.246595026546537,NA,-0.434621214665661,-0.060611723227948,height,Original Results,NA,Weak
NIPPLE,low,-0.280254228929529,NA,-0.517784216956878,-0.05038886404816,height,Original Results,NA,Weak
NOSE,low,-0.426186962787623,NA,-0.61597192366619,-0.236895458454676,height,Original Results,NOSE [low],Strong
NOT,low,0.261721018999675,NA,0.068185404557019,0.456289281148131,height,Original Results,NA,Weak
NOW,low,0.261809763350504,NA,0.06746771207054,0.44948929355971,height,Original Results,NA,Weak
OUTSIDE,low,0.264593255397452,NA,0.055258555427691,0.458718836796335,height,Original Results,NA,Weak
PENIS,low,-0.336685323344404,NA,-0.546957545101226,-0.136621321302868,height,Original Results,NA,Weak
ROTTEN,low,-0.244991365583118,NA,-0.446986784877528,-0.051731281743781,height,Original Results,NA,Weak
ROUND,low,-0.329006951633438,NA,-0.539498503228656,-0.122551496580673,height,Original Results,NA,Weak
SHORT,low,-0.249849678487444,NA,-0.442272159364766,-0.060304631965341,height,Original Results,NA,Weak
SMOKE (EXHAUST),low,-0.297102978602622,NA,-0.494720237861605,-0.104708349882309,height,Original Results,NA,Weak
SUCK,low,-0.391963935111608,NA,-0.598569036171465,-0.188047188450477,height,Original Results,NA,Weak
TAIL,low,-0.251672793603228,NA,-0.445536606305706,-0.058545354878358,height,Original Results,NA,Weak
TASTE,low,0.244772379704798,NA,0.030012652327957,0.4599090866961,height,Original Results,NA,Weak
THROAT,low,-0.278730097002835,NA,-0.476817857422699,-0.085047279896565,height,Original Results,NA,Weak
TOOTH,low,-0.223872267799539,NA,-0.406795953152117,-0.039430541758206,height,Original Results,NA,Weak
WHERE,low,0.244842368979211,NA,0.054770703741601,0.428377060972805,height,Original Results,NA,Weak
YAWN,low,0.557703088473051,NA,0.337141255475978,0.764704778513741,height,Original Results,YAWN [low],Strong
FLAT,mid,-0.269533326637231,NA,-0.423374237971807,-0.120058947334099,height,Original Results,NA,Weak
YAWN,mid,-0.301804443572621,NA,-0.453444357889542,-0.145739694816221,height,Original Results,NA,Weak
ASH,rounded,0.539644535191979,NA,0.316004360351694,0.770753051585478,roundedness,Original Results,ASH [rounded],Strong
BACK,rounded,0.38977977765522,NA,0.153832686281595,0.614631463674306,roundedness,Original Results,NA,Weak
BLOW (OF WIND),rounded,0.980620772125011,NA,0.754415629438105,1.20246090267393,roundedness,Original Results,BLOW (OF WIND) [rounded],Strong
BLUNT,rounded,0.570539549411302,NA,0.315741797227286,0.830630159730889,roundedness,Original Results,BLUNT [rounded],Strong
BRAIN,rounded,0.413580249461725,NA,0.16953919650244,0.660475807090813,roundedness,Original Results,NA,Weak
BREAST,rounded,0.321062130428099,NA,0.100690113952852,0.53264710680106,roundedness,Original Results,NA,Weak
BUTTOCKS,rounded,0.372429463273638,NA,0.123382018864158,0.621973077886352,roundedness,Original Results,NA,Weak
CLOUD,rounded,0.45005161966022,NA,0.220861418015465,0.673262489140784,roundedness,Original Results,NA,Weak
COUGH,rounded,0.796679298625333,NA,0.563519313118166,1.02863693263021,roundedness,Original Results,COUGH [rounded],Strong
CRUSH,rounded,0.267230676919303,NA,0.030775002386711,0.510823505775292,roundedness,Original Results,NA,Weak
DARK,rounded,0.251960952499569,NA,0.016515104469912,0.488489734847048,roundedness,Original Results,NA,Weak
DEEP,rounded,0.350777175999109,NA,0.100428703402563,0.59196269848403,roundedness,Original Results,NA,Weak
DUST,rounded,0.71173554279816,NA,0.478965058655963,0.938008495726606,roundedness,Original Results,DUST [rounded],Strong
EGG,rounded,0.271394096015944,NA,0.063277115489154,0.49913933769358,roundedness,Original Results,NA,Weak
EMPTY,rounded,0.32275550616975,NA,0.068415302854304,0.569501107759288,roundedness,Original Results,NA,Weak
GREY,rounded,0.340865715902123,NA,0.042296346297757,0.637831843882826,roundedness,Original Results,NA,Weak
HEAD,rounded,0.262447145799148,NA,0.042383913745378,0.484565180437268,roundedness,Original Results,NA,Weak
HEART,rounded,0.247545161228774,NA,0.032402855219965,0.468486269063539,roundedness,Original Results,NA,Weak
KNEE,rounded,0.468236167960591,NA,0.246772010551918,0.689919800575487,roundedness,Original Results,KNEE [rounded],Strong
LUNG,rounded,0.590019749888987,NA,0.364690440537087,0.826976644157396,roundedness,Original Results,LUNG [rounded],Strong
MOUNTAIN,rounded,0.235209062394397,NA,0.019577178055574,0.458259418316353,roundedness,Original Results,NA,Weak
NAVEL,rounded,0.694522119778703,NA,0.460895686147354,0.924501665606926,roundedness,Original Results,NAVEL [rounded],Strong
NECK,rounded,0.390894762826603,NA,0.163866475456045,0.611499957264638,roundedness,Original Results,NA,Weak
NIPPLE,rounded,0.513032578524345,NA,0.242740136464683,0.784441138302093,roundedness,Original Results,NIPPLE [rounded],Strong
NOSE,rounded,0.289449236905674,NA,0.098317693493704,0.493859981446106,roundedness,Original Results,NA,Weak
ROTTEN,rounded,0.489056142817346,NA,0.256205509853191,0.711494973503284,roundedness,Original Results,ROTTEN [rounded],Strong
ROUND,rounded,0.680812071684424,NA,0.432762847933678,0.936174980068883,roundedness,Original Results,ROUND [rounded],Strong
SHORT,rounded,0.557212136395971,NA,0.330851232682154,0.776290446888439,roundedness,Original Results,SHORT [rounded],Strong
SMOKE (EXHAUST),rounded,0.558931339609915,NA,0.338131949720327,0.787703328865798,roundedness,Original Results,SMOKE (EXHAUST) [rounded],Strong
SNORE,rounded,0.632963889412595,NA,0.375046982530577,0.892495109306469,roundedness,Original Results,SNORE [rounded],Strong
SPIT,rounded,0.500006864074169,NA,0.276077276113906,0.719195207512745,roundedness,Original Results,SPIT [rounded],Strong
SUCK,rounded,0.747579041457483,NA,0.506129429088003,0.978281727865242,roundedness,Original Results,SUCK [rounded],Strong
TESTICLES,rounded,0.275443153517867,NA,0.025626831913118,0.521357608893761,roundedness,Original Results,NA,Weak
THICK,rounded,0.305911419488848,NA,0.077009052534603,0.531344454355053,roundedness,Original Results,NA,Weak
THROAT,rounded,0.644344703291443,NA,0.407645768659931,0.879659294823169,roundedness,Original Results,THROAT [rounded],Strong
WE (EXCLUSIVE),unrounded,0.268179030926785,NA,0.047892697641847,0.484037210577407,roundedness,Original Results,NA,Weak
WE (INCLUSIVE),unrounded,0.237936163165444,NA,0.033194639977001,0.448895290424716,roundedness,Original Results,NA,Weak
I,unrounded,0.332657454933314,NA,0.130178870812594,0.535971298340388,roundedness,Original Results,NA,Weak
YOU,unrounded,0.321867941148838,NA,0.102449261809331,0.541594464960316,roundedness,Original Results,NA,Weak
THOU,unrounded,0.40142580177748,NA,0.19477874664678901,0.607166793570283,roundedness,Original Results,NA,Weak
HE OR SHE OR IT,unrounded,0.252713865889306,NA,0.04966784940834,0.449438855579995,roundedness,Original Results,NA,Weak
BITTER,unrounded,0.256037103642588,NA,0.029742901237826,0.49444210209667,roundedness,Original Results,NA,Weak
DO,unrounded,0.240469803413499,NA,0.025895664717259,0.453238106492754,roundedness,Original Results,NA,Weak
FLAT,unrounded,0.475744661577099,NA,0.239969099999405,0.70310744577307,roundedness,Original Results,FLAT [unrounded],Strong
HERE,unrounded,0.318626282118062,NA,0.1103668000964,0.526814238724204,roundedness,Original Results,NA,Weak
LAUGH,unrounded,0.259989468070817,NA,0.056153398004321,0.472587765104302,roundedness,Original Results,NA,Weak
LEAF,unrounded,0.252689172505823,NA,0.048990185349338,0.462255901276142,roundedness,Original Results,NA,Weak
NAME,unrounded,0.297184721282157,NA,0.091524076173981,0.50769528228753,roundedness,Original Results,NA,Weak
NOT,unrounded,0.302437030971062,NA,0.095510749046573,0.513504834978368,roundedness,Original Results,NA,Weak
NOW,unrounded,0.29474240581501,NA,0.079727955770019,0.51011217173801,roundedness,Original Results,NA,Weak
SAY,unrounded,0.33277237218902,NA,0.130234152793529,0.538879996381261,roundedness,Original Results,NA,Weak
SNEEZE,unrounded,0.385411139974246,NA,0.163472699887037,0.596998177124543,roundedness,Original Results,NA,Weak
THIN,unrounded,0.314773434397138,NA,0.095473170671687,0.539113887545687,roundedness,Original Results,NA,Weak
THIS,unrounded,0.401385989668799,NA,0.189417224452981,0.620919639080318,roundedness,Original Results,NA,Weak
TONGUE,unrounded,0.282121625529575,NA,0.079919850407978,0.481949279660352,roundedness,Original Results,NA,Weak
WHAT,unrounded,0.355182064181771,NA,0.149684248395856,0.564302546769041,roundedness,Original Results,NA,Weak
WHERE,unrounded,0.329186470982119,NA,0.12272760842495,0.540811312741647,roundedness,Original Results,NA,Weak
WHO,unrounded,0.337573938346027,NA,0.120736128751225,0.543833515340498,roundedness,Original Results,NA,Weak
WHY,unrounded,0.254735854812684,NA,0.02614336648383,0.480554260203544,roundedness,Original Results,NA,Weak
WING,unrounded,0.239763135558707,NA,0.021922196698797,0.45224093613197,roundedness,Original Results,NA,Weak
BLOW (OF WIND),high-back,0.280263183492972,NA,0.175441280463387,0.38460883500495,extreme,Original Results,NA,Weak
FLAT,high-back,-0.229863193561404,NA,-0.355036308754657,-0.106583456294051,extreme,Original Results,NA,Weak
NAVEL,high-back,0.23543040235527599,NA,0.131562997778237,0.340213570749474,extreme,Original Results,NA,Weak
SUCK,high-back,0.246156534491868,NA,0.138849442782562,0.352525975136567,extreme,Original Results,NA,Weak
YOU,high-front,0.233288336281175,NA,0.07132161921634,0.401169996396625,extreme,Original Results,NA,Weak
THOU,high-front,0.262165129522548,NA,0.103138145226554,0.424769820465152,extreme,Original Results,NA,Weak
BIRD,high-front,0.239969099053409,NA,0.084325025773609,0.398003307809358,extreme,Original Results,NA,Weak
FART,high-front,0.268989096215102,NA,0.083540113666208,0.458947582177406,extreme,Original Results,NA,Weak
FINGERNAIL,high-front,0.243723054570984,NA,0.087780715345522,0.403443415782218,extreme,Original Results,NA,Weak
FLAT,high-front,-0.229663428928161,NA,-0.405239817403497,-0.046522424647328,extreme,Original Results,NA,Weak
HEAVY,high-front,0.228119024548753,NA,0.066485016373412,0.389663282772249,extreme,Original Results,NA,Weak
SNEEZE,high-front,0.299738483654883,NA,0.124253452180853,0.475046273288938,extreme,Original Results,NA,Weak
SNORE,high-front,-0.223452717678588,NA,-0.395424372486588,-0.059171253669806,extreme,Original Results,NA,Weak
THIS,high-front,0.234539256371172,NA,0.069382163752246,0.399274278528214,extreme,Original Results,NA,Weak
YAWN,high-front,-0.373266131608168,NA,-0.553870920570518,-0.196657956201724,extreme,Original Results,NA,Weak
BLOW (OF WIND),low-back,0.242530195907751,NA,0.150689771769396,0.334256048325921,extreme,Original Results,NA,Weak
ASH,low-front,-0.238635427741998,NA,-0.424501462970534,-0.056378160389101,extreme,Original Results,NA,Weak
BIRD,low-front,-0.312081243450231,NA,-0.499485924817173,-0.133820128374444,extreme,Original Results,NA,Weak
BLACK,low-front,-0.22734591749607,NA,-0.402239344576984,-0.054525757806192,extreme,Original Results,NA,Weak
BLOW (OF WIND),low-front,-0.355751930610967,NA,-0.540584836012426,-0.170650859422234,extreme,Original Results,NA,Weak
BLUNT,low-front,-0.349178919606732,NA,-0.550682734554491,-0.151468720367838,extreme,Original Results,NA,Weak
BUTTOCKS,low-front,-0.343711193661599,NA,-0.54272015715448,-0.156986272652896,extreme,Original Results,NA,Weak
CLOUD,low-front,-0.23055581193173,NA,-0.413259447597938,-0.055215428363753,extreme,Original Results,NA,Weak
COUGH,low-front,-0.278327424039621,NA,-0.454581793845435,-0.099376450754374,extreme,Original Results,NA,Weak
DARK,low-front,-0.343050538642063,NA,-0.530311753849132,-0.158812881077929,extreme,Original Results,NA,Weak
DRINK,low-front,-0.255388689371685,NA,-0.428366515463437,-0.078747712393012,extreme,Original Results,NA,Weak
DUST,low-front,-0.301784100082082,NA,-0.494010058308186,-0.113575446835302,extreme,Original Results,NA,Weak
EYE,low-front,-0.260302064744327,NA,-0.44055781697886,-0.085399659052193,extreme,Original Results,NA,Weak
FART,low-front,-0.353436057053356,NA,-0.582702783876327,-0.128680530726281,extreme,Original Results,NA,Weak
FINGERNAIL,low-front,-0.292992946563248,NA,-0.478948755886149,-0.115406298099683,extreme,Original Results,NA,Weak
FLAT,low-front,0.486540209880453,NA,0.281484865956068,0.684328765399762,extreme,Original Results,FLAT [low-front],Strong
HARD,low-front,0.238813377115484,NA,0.050517089511732,0.4205780903896,extreme,Original Results,NA,Weak
HEAVY,low-front,-0.255062039392309,NA,-0.442735977551651,-0.073628339400484,extreme,Original Results,NA,Weak
LEAF,low-front,0.303347962614339,NA,0.124976510895707,0.476766041181719,extreme,Original Results,NA,Weak
LOUSE,low-front,-0.262497046744669,NA,-0.455225534084962,-0.071988726366652,extreme,Original Results,NA,Weak
MILK,low-front,-0.321185772516783,NA,-0.50616232168456,-0.135134368862023,extreme,Original Results,NA,Weak
NAVEL,low-front,-0.393085261529973,NA,-0.579364499437287,-0.206757839595476,extreme,Original Results,NA,Weak
NECK,low-front,-0.268592026173675,NA,-0.446080875898206,-0.096193924388605,extreme,Original Results,NA,Weak
NIPPLE,low-front,-0.267221586961269,NA,-0.500682719061617,-0.051218721451483,extreme,Original Results,NA,Weak
NOSE,low-front,-0.458741824452287,NA,-0.642670086294689,-0.285739642731227,extreme,Original Results,NOSE [low-front],Strong
NOT,low-front,0.268461280774478,NA,0.078655437379629,0.45324745963644,extreme,Original Results,NA,Weak
NOW,low-front,0.224112110934224,NA,0.04553999868097,0.395298370176738,extreme,Original Results,NA,Weak
OUTSIDE,low-front,0.263472562748811,NA,0.073756595454365,0.447348742357949,extreme,Original Results,NA,Weak
PENIS,low-front,-0.334778687894871,NA,-0.531238584792753,-0.140893258612418,extreme,Original Results,NA,Weak
ROUND,low-front,-0.302186585792379,NA,-0.499429784768879,-0.112951528355616,extreme,Original Results,NA,Weak
SMOKE (EXHAUST),low-front,-0.337344735467865,NA,-0.520264518863221,-0.153032621039659,extreme,Original Results,NA,Weak
SUCK,low-front,-0.365175122011847,NA,-0.561498008387457,-0.17502650385589,extreme,Original Results,NA,Weak
TAIL,low-front,-0.287030708189301,NA,-0.466095078815631,-0.104050872430462,extreme,Original Results,NA,Weak
TASTE,low-front,0.349694893595946,NA,0.141403572532937,0.555651705472936,extreme,Original Results,NA,Weak
THROAT,low-front,-0.25361539550683,NA,-0.448403492680042,-0.063322942278425,extreme,Original Results,NA,Weak
TOOTH,low-front,-0.240792937321575,NA,-0.419494611040494,-0.062038359530537,extreme,Original Results,NA,Weak
WING,low-front,0.238895724779013,NA,0.054372110991496,0.41931160247447,extreme,Original Results,NA,Weak
YAWN,low-front,0.555859850093018,NA,0.358452923289735,0.750700826542878,extreme,Original Results,YAWN [low-front],Strong
YOU,high-front-unrounded,0.279107586507964,NA,0.121498567485963,0.428815227512021,extreme_roundedness,Original Results,NA,Weak
THOU,high-front-unrounded,0.289972460177014,NA,0.139052525529773,0.440351318547162,extreme_roundedness,Original Results,NA,Weak
BIRD,high-front-unrounded,0.302408844857148,NA,0.14245470320268,0.459203265745409,extreme_roundedness,Original Results,NA,Weak
CORRECT (RIGHT),high-front-unrounded,0.224804502111486,NA,0.053380484023466,0.391987237088672,extreme_roundedness,Original Results,NA,Weak
FART,high-front-unrounded,0.330841570417187,NA,0.145309682259059,0.517372222475291,extreme_roundedness,Original Results,NA,Weak
FINGERNAIL,high-front-unrounded,0.303830063023665,NA,0.149033613388742,0.458642106815725,extreme_roundedness,Original Results,NA,Weak
FLAT,high-front-unrounded,-0.231534843932567,NA,-0.409171166562036,-0.054732767174191,extreme_roundedness,Original Results,NA,Weak
HEAVY,high-front-unrounded,0.267030904867481,NA,0.112984438116883,0.422180112825969,extreme_roundedness,Original Results,NA,Weak
LEAF,high-front-unrounded,-0.234497728809883,NA,-0.393164592042974,-0.083225918259469,extreme_roundedness,Original Results,NA,Weak
LUNG,high-front-unrounded,-0.236764204488766,NA,-0.394862120444459,-0.082988900559896,extreme_roundedness,Original Results,NA,Weak
MOUTH,high-front-unrounded,-0.235979071605585,NA,-0.39230876910448,-0.081618421041486,extreme_roundedness,Original Results,NA,Weak
SKY,high-front-unrounded,-0.229792431741376,NA,-0.387191287333254,-0.074149593531764,extreme_roundedness,Original Results,NA,Weak
SMALL,high-front-unrounded,0.226122816389854,NA,0.079392671678347,0.375869908807354,extreme_roundedness,Original Results,NA,Weak
SNEEZE,high-front-unrounded,0.46773704072835,NA,0.298110953217024,0.633194719478389,extreme_roundedness,Original Results,SNEEZE [high-front-unrounded],Strong
SNORE,high-front-unrounded,-0.310925560070825,NA,-0.484153418949489,-0.147139531656095,extreme_roundedness,Original Results,NA,Weak
THIS,high-front-unrounded,0.289568985073562,NA,0.13371791548855,0.446071685934761,extreme_roundedness,Original Results,NA,Weak
TURN,high-front-unrounded,0.254612716723746,NA,0.099099093335572,0.415146843713437,extreme_roundedness,Original Results,NA,Weak
YAWN,high-front-unrounded,-0.418036018496682,NA,-0.584874594381001,-0.254524031590985,extreme_roundedness,Original Results,YAWN [high-front-unrounded],Strong
YOU,low-front-unrounded,-0.251289519213936,NA,-0.42450651490975,-0.078601570529982,extreme_roundedness,Original Results,NA,Weak
THOU,low-front-unrounded,-0.289783345241715,NA,-0.46036940502014,-0.128745638865991,extreme_roundedness,Original Results,NA,Weak
ANT,low-front-unrounded,-0.255286430752388,NA,-0.448116480427865,-0.07437774423153,extreme_roundedness,Original Results,NA,Weak
ASH,low-front-unrounded,-0.274259412608863,NA,-0.450375993313519,-0.105748131723734,extreme_roundedness,Original Results,NA,Weak
BIRD,low-front-unrounded,-0.381304764655895,NA,-0.556975938466606,-0.2110338115962,extreme_roundedness,Original Results,NA,Weak
BITE,low-front-unrounded,0.230803855755913,NA,0.065887397400429,0.391426598433159,extreme_roundedness,Original Results,NA,Weak
BLACK,low-front-unrounded,-0.261289535547049,NA,-0.426835813645648,-0.09866910641755,extreme_roundedness,Original Results,NA,Weak
BLOW (OF WIND),low-front-unrounded,-0.415589345734513,NA,-0.590846446151802,-0.247701783042462,extreme_roundedness,Original Results,BLOW (OF WIND) [low-front-unrounded],Strong
BLUNT,low-front-unrounded,-0.411938074840635,NA,-0.607082965549454,-0.221697970123282,extreme_roundedness,Original Results,NA,Weak
BONE,low-front-unrounded,-0.296955148415413,NA,-0.467195556914,-0.136547173163916,extreme_roundedness,Original Results,NA,Weak
BREAST,low-front-unrounded,-0.315733001790334,NA,-0.484724689384647,-0.147812636791678,extreme_roundedness,Original Results,NA,Weak
BUTTOCKS,low-front-unrounded,-0.43751607403462,NA,-0.626840145672963,-0.255914276694168,extreme_roundedness,Original Results,BUTTOCKS [low-front-unrounded],Strong
CLOUD,low-front-unrounded,-0.289718116724568,NA,-0.465410843547385,-0.117696373783367,extreme_roundedness,Original Results,NA,Weak
CORRECT (RIGHT),low-front-unrounded,-0.237418484280804,NA,-0.43286517001955,-0.042802492850954,extreme_roundedness,Original Results,NA,Weak
COUGH,low-front-unrounded,-0.329569776611687,NA,-0.503784346863287,-0.160637444548546,extreme_roundedness,Original Results,NA,Weak
DARK,low-front-unrounded,-0.410188939244981,NA,-0.587903960540052,-0.23518219755067,extreme_roundedness,Original Results,DARK [low-front-unrounded],Strong
DRINK,low-front-unrounded,-0.334358851205228,NA,-0.501099176898772,-0.174368354465632,extreme_roundedness,Original Results,NA,Weak
DUST,low-front-unrounded,-0.392556067804684,NA,-0.569091661937743,-0.218067600488431,extreme_roundedness,Original Results,NA,Weak
EGG,low-front-unrounded,-0.252168308525203,NA,-0.421923202498809,-0.091724542762843,extreme_roundedness,Original Results,NA,Weak
EYE,low-front-unrounded,-0.343145026247,NA,-0.513218531752802,-0.179478368355163,extreme_roundedness,Original Results,NA,Weak
FART,low-front-unrounded,-0.428896226209502,NA,-0.645905334920022,-0.217186629455914,extreme_roundedness,Original Results,NA,Weak
FINGERNAIL,low-front-unrounded,-0.327210348528594,NA,-0.503276071201919,-0.156307488807576,extreme_roundedness,Original Results,NA,Weak
FLAT,low-front-unrounded,0.560677122923939,NA,0.384285469458648,0.735004929267216,extreme_roundedness,Original Results,FLAT [low-front-unrounded],Strong
HARD,low-front-unrounded,0.237745455814668,NA,0.062706927308535,0.407020933517954,extreme_roundedness,Original Results,NA,Weak
HEART,low-front-unrounded,-0.230950023488187,NA,-0.402268776854358,-0.065564062749133,extreme_roundedness,Original Results,NA,Weak
HEAVY,low-front-unrounded,-0.30960556579413,NA,-0.484411181006774,-0.142367236892173,extreme_roundedness,Original Results,NA,Weak
HOW,low-front-unrounded,0.249683108788079,NA,0.077711049371355,0.413096851540496,extreme_roundedness,Original Results,NA,Weak
LEAF,low-front-unrounded,0.298312004487861,NA,0.138106585773857,0.45738830370281,extreme_roundedness,Original Results,NA,Weak
LEFT,low-front-unrounded,0.224294413097891,NA,0.045532152976375,0.395406629462646,extreme_roundedness,Original Results,NA,Weak
LOUSE,low-front-unrounded,-0.355812976419043,NA,-0.531514224959436,-0.18880249803714,extreme_roundedness,Original Results,NA,Weak
MILK,low-front-unrounded,-0.415516311521539,NA,-0.594195982284334,-0.237359692983121,extreme_roundedness,Original Results,MILK [low-front-unrounded],Strong
NAME,low-front-unrounded,-0.243647988002575,NA,-0.412499348415644,-0.080065837544826,extreme_roundedness,Original Results,NA,Weak
NAVEL,low-front-unrounded,-0.440371211178214,NA,-0.618971162051144,-0.272044424397047,extreme_roundedness,Original Results,NAVEL [low-front-unrounded],Strong
NECK,low-front-unrounded,-0.331419622381598,NA,-0.503194821709299,-0.165237640415187,extreme_roundedness,Original Results,NA,Weak
NIPPLE,low-front-unrounded,-0.304820431090788,NA,-0.524240010600004,-0.092662572099767,extreme_roundedness,Original Results,NA,Weak
NOSE,low-front-unrounded,-0.535932751056095,NA,-0.704745244965412,-0.36832448605565,extreme_roundedness,Original Results,NOSE [low-front-unrounded],Strong
NOT,low-front-unrounded,0.231920512216387,NA,0.06070941569173,0.394746837462906,extreme_roundedness,Original Results,NA,Weak
NOW,low-front-unrounded,0.230797060768266,NA,0.065931127549059,0.391169275780319,extreme_roundedness,Original Results,NA,Weak
OUTSIDE,low-front-unrounded,0.313436532003326,NA,0.135682662150386,0.484192486373658,extreme_roundedness,Original Results,NA,Weak
PENIS,low-front-unrounded,-0.406977439576945,NA,-0.5938817343706,-0.226988226225704,extreme_roundedness,Original Results,PENIS [low-front-unrounded],Strong
ROUND,low-front-unrounded,-0.350992288150188,NA,-0.530965461623889,-0.175532566591722,extreme_roundedness,Original Results,NA,Weak
SEE,low-front-unrounded,-0.233779962375938,NA,-0.40329000344914,-0.069347271981233,extreme_roundedness,Original Results,NA,Weak
SHORT,low-front-unrounded,-0.246607879515079,NA,-0.420095114113883,-0.077911609395803,extreme_roundedness,Original Results,NA,Weak
SMOKE (EXHAUST),low-front-unrounded,-0.376709094325743,NA,-0.549547806359076,-0.209373449659589,extreme_roundedness,Original Results,NA,Weak
SUCK,low-front-unrounded,-0.437121329346524,NA,-0.618146059256081,-0.258162468591707,extreme_roundedness,Original Results,SUCK [low-front-unrounded],Strong
TAIL,low-front-unrounded,-0.33929660895538,NA,-0.507733429792079,-0.174428482834407,extreme_roundedness,Original Results,NA,Weak
TASTE,low-front-unrounded,0.419894506053142,NA,0.232688125764434,0.600868925720031,extreme_roundedness,Original Results,TASTE [low-front-unrounded],Strong
THEN,low-front-unrounded,0.226585557472592,NA,0.028867712485872,0.415166331296115,extreme_roundedness,Original Results,NA,Weak
THROAT,low-front-unrounded,-0.285596898727231,NA,-0.463661664190637,-0.112052119589706,extreme_roundedness,Original Results,NA,Weak
TOOTH,low-front-unrounded,-0.30343973320865397,NA,-0.472751972869267,-0.140659833279113,extreme_roundedness,Original Results,NA,Weak
WING,low-front-unrounded,0.260236335883552,NA,0.092314240179199,0.41964721386489,extreme_roundedness,Original Results,NA,Weak
YAWN,low-front-unrounded,0.68298491018353,NA,0.507234694526033,0.847779051309584,extreme_roundedness,Original Results,YAWN [low-front-unrounded],Strong
ASH,unvoiced,0.223634816508025,NA,0.008148971380657,0.442909796908667,voicing,Original Results,NA,Weak
BARK,unvoiced,0.329032396960525,NA,0.112047629128213,0.549171042302112,voicing,Original Results,NA,Weak
BITE,unvoiced,0.291706099194923,NA,0.090030222610048,0.499252886870462,voicing,Original Results,NA,Weak
BLOW (OF WIND),unvoiced,0.454797332159473,NA,0.239111131360101,0.666435733723767,voicing,Original Results,BLOW (OF WIND) [unvoiced],Strong
BONE,unvoiced,0.370778977729226,NA,0.171395713498786,0.570959639373707,voicing,Original Results,NA,Weak
COUGH,unvoiced,0.583967325659553,NA,0.365988136315484,0.799561708796466,voicing,Original Results,COUGH [unvoiced],Strong
EMPTY,unvoiced,0.27511486353052,NA,0.031558428573476,0.511609323349577,voicing,Original Results,NA,Weak
FART,unvoiced,0.459741416787229,NA,0.211541454350711,0.712096420007008,voicing,Original Results,NA,Weak
FINGERNAIL,unvoiced,0.295937929427941,NA,0.084136778573817,0.505242313946381,voicing,Original Results,NA,Weak
FIRE,unvoiced,0.281964162671302,NA,0.073149367041604,0.482854248436151,voicing,Original Results,NA,Weak
HARD,unvoiced,0.265165045837354,NA,0.054628336858976,0.47566773968646,voicing,Original Results,NA,Weak
HEAD,unvoiced,0.254605722367821,NA,0.053758172115487,0.460840791000584,voicing,Original Results,NA,Weak
HOT,unvoiced,0.228020199689978,NA,0.019944606841851,0.436307626493586,voicing,Original Results,NA,Weak
LIGHT (WEIGHT),unvoiced,0.270918925522876,NA,0.047098738941758,0.489930304161626,voicing,Original Results,NA,Weak
LUNG,unvoiced,0.298562488634396,NA,0.074077030767804,0.51938561242983206,voicing,Original Results,NA,Weak
NARROW,unvoiced,0.242339003960087,NA,0.017167551484039,0.47034401955687,voicing,Original Results,NA,Weak
ROUGH,unvoiced,0.294129605561461,NA,0.051044960552702,0.538402722081785,voicing,Original Results,NA,Weak
SHARP,unvoiced,0.30429429054783,NA,0.089455911424109,0.521740312763012,voicing,Original Results,NA,Weak
SHORT,unvoiced,0.33080986178216,NA,0.121920925561167,0.537263754988078,voicing,Original Results,NA,Weak
SKIN,unvoiced,0.329013396891643,NA,0.12160137817223,0.535632533961213,voicing,Original Results,NA,Weak
SMALL,unvoiced,0.324741873643405,NA,0.127518765791498,0.53130945733715,voicing,Original Results,NA,Weak
SNEEZE,unvoiced,0.730264770670762,NA,0.507575433362657,0.959271939612453,voicing,Original Results,SNEEZE [unvoiced],Strong
SPIT,unvoiced,0.506079110379854,NA,0.28869710878534,0.720571151033703,voicing,Original Results,SPIT [unvoiced],Strong
SUCK,unvoiced,0.252006702936065,NA,0.037049962021618,0.477755316293577,voicing,Original Results,NA,Weak
TIE,unvoiced,0.3570025607658,NA,0.142686999799258,0.56380427209985,voicing,Original Results,NA,Weak
PISS,unvoiced,0.298458552731455,NA,0.085646830585614,0.51553026178829,voicing,Original Results,NA,Weak
VULVA,unvoiced,0.253410925598382,NA,0.0094594715291950009,0.505220465190761,voicing,Original Results,NA,Weak
WHITE,unvoiced,0.237920917710236,NA,0.026621648518493,0.448077177356207,voicing,Original Results,NA,Weak
WING,unvoiced,0.285397919934721,NA,0.072287124547823,0.499185829493502,voicing,Original Results,NA,Weak
WE (EXCLUSIVE),voiced,0.352073677514235,NA,0.144957288706419,0.558291473848025,voicing,Original Results,NA,Weak
WE (INCLUSIVE),voiced,0.346197841538964,NA,0.143680620496082,0.555563014429627,voicing,Original Results,NA,Weak
I,voiced,0.512926997386339,NA,0.303329770600131,0.719182774677826,voicing,Original Results,I [voiced],Strong
YOU,voiced,0.3380205827155,NA,0.127225663826995,0.540163248987251,voicing,Original Results,NA,Weak
THOU,voiced,0.534959156005216,NA,0.331155781538616,0.745817094199935,voicing,Original Results,THOU [voiced],Strong
COME,voiced,0.251721475965132,NA,0.045649253127925,0.467586942299211,voicing,Original Results,NA,Weak
GOOD,voiced,0.279790488591823,NA,0.081939941837954,0.47684058215013,voicing,Original Results,NA,Weak
BE ALIVE,voiced,0.259792932997837,NA,0.042992736356902,0.473857442072209,voicing,Original Results,NA,Weak
LONG,voiced,0.233406660913931,NA,0.023127402219769,0.446061551931842,voicing,Original Results,NA,Weak
MAN,voiced,0.298950957284787,NA,0.096563111237201,0.502320508100521,voicing,Original Results,NA,Weak
MOUNTAIN,voiced,0.264241202281792,NA,0.062260766761432,0.470408955982077,voicing,Original Results,NA,Weak
NAME,voiced,0.295179115117308,NA,0.090431866026817,0.50070332627399206,voicing,Original Results,NA,Weak
NOT,voiced,0.304812116742236,NA,0.091577275999748,0.517374771490133,voicing,Original Results,NA,Weak
OTHER,voiced,0.255197725487112,NA,0.023428619868651,0.488365988786806,voicing,Original Results,NA,Weak
PERSON,voiced,0.237238750127827,NA,0.019031477097157,0.460907702047533,voicing,Original Results,NA,Weak
RIVER,voiced,0.252985508945738,NA,0.045630727816413,0.45804538957619,voicing,Original Results,NA,Weak
ROUND,voiced,0.306751551988975,NA,0.089620203177403,0.530717990512067,voicing,Original Results,NA,Weak
SEA,voiced,0.267613264563919,NA,0.050255843123804,0.486026435014551,voicing,Original Results,NA,Weak
SEE,voiced,0.279077670910812,NA,0.075070597151507,0.492487691730875,voicing,Original Results,NA,Weak
SOME,voiced,0.248879541438939,NA,0.011991716855866,0.484618449477058,voicing,Original Results,NA,Weak
THUNDER,voiced,0.22439679633305,NA,0.012710406039244,0.443868034968483,voicing,Original Results,NA,Weak
TONGUE,voiced,0.446710251257732,NA,0.238157480880514,0.657432630736406,voicing,Original Results,TONGUE [voiced],Strong
WORD,voiced,0.279540553676071,NA,0.038640835322168,0.518497852722709,voicing,Original Results,NA,Weak
YESTERDAY,voiced,0.236718379412463,NA,0.02705818176188,0.445244250466962,voicing,Original Results,NA,Weak
WE (EXCLUSIVE),nasal,0.420086840934408,NA,0.238495640343956,0.597438358452495,manner,Original Results,WE (EXCLUSIVE) [nasal],Strong
WE (INCLUSIVE),nasal,0.406204491081585,NA,0.2243294259064,0.580824131580245,manner,Original Results,WE (INCLUSIVE) [nasal],Strong
I,nasal,0.591041315352886,NA,0.414668444397186,0.765778618417796,manner,Original Results,I [nasal],Strong
YOU,nasal,0.466360953461089,NA,0.2852970001649,0.640581254744407,manner,Original Results,YOU [nasal],Strong
THOU,nasal,0.784753434612951,NA,0.605985057737427,0.956453109191253,manner,Original Results,THOU [nasal],Strong
HE OR SHE OR IT,nasal,0.347004214513446,NA,0.165860007092503,0.526532084026549,manner,Original Results,NA,Weak
ANIMAL,nasal,0.236092911360169,NA,0.051588388129023,0.417838247905967,manner,Original Results,NA,Weak
ASH,nasal,-0.223340374426572,NA,-0.398025618708282,-0.04891540065348,manner,Original Results,NA,Weak
BARK,nasal,-0.263095923379567,NA,-0.443694847147409,-0.087882395511608,manner,Original Results,NA,Weak
BITE,nasal,-0.241374677229288,NA,-0.420474801172792,-0.067951539307905,manner,Original Results,NA,Weak
BLOW (OF WIND),nasal,-0.257508600688053,NA,-0.435971630823139,-0.089617054948748,manner,Original Results,NA,Weak
BREAST,nasal,0.355345234213475,NA,0.173015829851419,0.529475799026969,manner,Original Results,NA,Weak
BREATHE,nasal,0.225078354405388,NA,0.042982978369257,0.412153930144416,manner,Original Results,NA,Weak
COUGH,nasal,-0.238039610885847,NA,-0.415128998855738,-0.062459653587908,manner,Original Results,NA,Weak
DRY,nasal,-0.270267863046923,NA,-0.445289162298677,-0.097315781394512,manner,Original Results,NA,Weak
FALL,nasal,-0.259558377191731,NA,-0.441199021598228,-0.090341982570859,manner,Original Results,NA,Weak
FLAT,nasal,-0.231187582437595,NA,-0.42584779412055,-0.041886442793443,manner,Original Results,NA,Weak
HARD,nasal,-0.302938194275901,NA,-0.485051150534009,-0.124934392808747,manner,Original Results,NA,Weak
HEAD,nasal,-0.245055573812733,NA,-0.416569878406943,-0.078317681004839,manner,Original Results,NA,Weak
HERE,nasal,0.258843489205035,NA,0.075251778011008,0.44147611107104,manner,Original Results,NA,Weak
HIT,nasal,-0.27087784573624,NA,-0.443875493472444,-0.100436759483391,manner,Original Results,NA,Weak
LUNG,nasal,-0.300331935989958,NA,-0.490011548378844,-0.121685006002974,manner,Original Results,NA,Weak
MILK,nasal,0.324324476492583,NA,0.13500338414549,0.513879494711963,manner,Original Results,NA,Weak
NAME,nasal,0.253838135522006,NA,0.080906573217201,0.421591909809859,manner,Original Results,NA,Weak
NOSE,nasal,0.312641003538134,NA,0.143571295587385,0.479513900379193,manner,Original Results,NA,Weak
NOT,nasal,0.305593020766755,NA,0.114333014999789,0.484164984645444,manner,Original Results,NA,Weak
ROUGH,nasal,-0.328689715468608,NA,-0.538207697479093,-0.128140185229235,manner,Original Results,NA,Weak
RUN,nasal,-0.226932256573374,NA,-0.398854105190751,-0.056505251179702,manner,Original Results,NA,Weak
SHORT,nasal,-0.279659497146305,NA,-0.462902075852523,-0.105508513297128,manner,Original Results,NA,Weak
SKIN,nasal,-0.293048973899823,NA,-0.470799449353307,-0.121792977124945,manner,Original Results,NA,Weak
SLEEP,nasal,0.226123973598533,NA,0.056776874856942,0.39262226004363,manner,Original Results,NA,Weak
SMELL,nasal,0.311308584214187,NA,0.120457164988666,0.493793657370672,manner,Original Results,NA,Weak
SPIT,nasal,-0.35485539125416,NA,-0.529236572725195,-0.182865452370689,manner,Original Results,NA,Weak
STONE,nasal,-0.26430386811523,NA,-0.438797953238392,-0.097133213383769,manner,Original Results,NA,Weak
STRONG,nasal,-0.293260702571139,NA,-0.472430055728531,-0.121389279623944,manner,Original Results,NA,Weak
THINK,nasal,0.279045570398606,NA,0.093891451410909,0.453076520323474,manner,Original Results,NA,Weak
THIS,nasal,0.330302457619908,NA,0.151844410712875,0.50695159914891,manner,Original Results,NA,Weak
WHITE,nasal,-0.307877278342279,NA,-0.480492953021901,-0.137039406684666,manner,Original Results,NA,Weak
WE (EXCLUSIVE),stop,-0.262615430070686,NA,-0.425938757749935,-0.102728924603304,manner,Original Results,NA,Weak
WE (INCLUSIVE),stop,-0.238086700341544,NA,-0.401271492698011,-0.07481981312245,manner,Original Results,NA,Weak
I,stop,-0.459979196807827,NA,-0.622149376322816,-0.300224900596857,manner,Original Results,I [stop],Strong
YOU,stop,-0.233324708265976,NA,-0.395424542321722,-0.074001905097391,manner,Original Results,NA,Weak
THOU,stop,-0.539172338442053,NA,-0.708573003903677,-0.378392402769498,manner,Original Results,THOU [stop],Strong
HE OR SHE OR IT,stop,-0.273230329273978,NA,-0.440321076239596,-0.108412921516005,manner,Original Results,NA,Weak
ANIMAL,stop,-0.268844263214182,NA,-0.441893977821665,-0.101221383500844,manner,Original Results,NA,Weak
BITE,stop,0.22465805914186401,NA,0.06805722426127,0.383348948796742,manner,Original Results,NA,Weak
BONE,stop,0.224618161027808,NA,0.070902590177719,0.383902129557746,manner,Original Results,NA,Weak
BREATHE,stop,-0.460905949803017,NA,-0.630549185810779,-0.295382622074666,manner,Original Results,BREATHE [stop],Strong
GOOD,stop,-0.227507483039522,NA,-0.384983937281971,-0.075233592751725,manner,Original Results,NA,Weak
HARD,stop,0.352833724612456,NA,0.193886919370187,0.511780388315355,manner,Original Results,NA,Weak
HEAD,stop,0.297661624538184,NA,0.147150104525782,0.450743975930775,manner,Original Results,NA,Weak
HIT,stop,0.306038154443747,NA,0.150503646965123,0.460021960010656,manner,Original Results,NA,Weak
KNEE,stop,0.292878950923997,NA,0.13136672420169,0.452323629970372,manner,Original Results,NA,Weak
NAME,stop,-0.350745752690744,NA,-0.511781266643034,-0.196089927047471,manner,Original Results,NA,Weak
NOSE,stop,-0.272425260863627,NA,-0.429027901318082,-0.119147694179777,manner,Original Results,NA,Weak
NOT,stop,-0.304250765781714,NA,-0.475933453094297,-0.143219309113387,manner,Original Results,NA,Weak
SAND,stop,-0.240139048518132,NA,-0.401386984632207,-0.084035616032544,manner,Original Results,NA,Weak
SHORT,stop,0.394970665106575,NA,0.235582403164651,0.551294380430637,manner,Original Results,SHORT [stop],Strong
SMELL,stop,-0.335927530619105,NA,-0.513344878848047,-0.170557649875799,manner,Original Results,NA,Weak
STRONG,stop,0.260737305800695,NA,0.108308978352726,0.417348262379099,manner,Original Results,NA,Weak
THIS,stop,-0.228031871422142,NA,-0.395780650390943,-0.063740456263455,manner,Original Results,NA,Weak
WE (EXCLUSIVE),nasal+voice,0.394665141455606,NA,0.224699713632951,0.562289898128128,manner_voicing,Original Results,WE (EXCLUSIVE) [nasal+voice],Strong
WE (INCLUSIVE),nasal+voice,0.381694473536633,NA,0.211035982169496,0.548098892281688,manner_voicing,Original Results,NA,Weak
I,nasal+voice,0.495361934350107,NA,0.335611396374652,0.660164977450932,manner_voicing,Original Results,I [nasal+voice],Strong
YOU,nasal+voice,0.445173516847847,NA,0.275513231084839,0.609367862744872,manner_voicing,Original Results,YOU [nasal+voice],Strong
THOU,nasal+voice,0.716518832013602,NA,0.547090735740323,0.878615647301526,manner_voicing,Original Results,THOU [nasal+voice],Strong
HE OR SHE OR IT,nasal+voice,0.297938165109858,NA,0.134317493241053,0.462291585632904,manner_voicing,Original Results,NA,Weak
ANIMAL,nasal+voice,0.23837706198173,NA,0.057250487743546,0.414421055138435,manner_voicing,Original Results,NA,Weak
BARK,nasal+voice,-0.288308683265983,NA,-0.459366827804314,-0.120454119053123,manner_voicing,Original Results,NA,Weak
BITE,nasal+voice,-0.244423521625674,NA,-0.412714789840266,-0.082178122621734,manner_voicing,Original Results,NA,Weak
BLOW (OF WIND),nasal+voice,-0.290232727108074,NA,-0.461052731112471,-0.132789436561188,manner_voicing,Original Results,NA,Weak
BREAST,nasal+voice,0.33606894289469,NA,0.169443457068602,0.498259968563998,manner_voicing,Original Results,NA,Weak
COUGH,nasal+voice,-0.243376558098558,NA,-0.416584902465096,-0.075966258021692,manner_voicing,Original Results,NA,Weak
DRY,nasal+voice,-0.298224012833265,NA,-0.466242294256258,-0.136202265177397,manner_voicing,Original Results,NA,Weak
FALL,nasal+voice,-0.272102982005308,NA,-0.434826197888258,-0.113751715999042,manner_voicing,Original Results,NA,Weak
FLAT,nasal+voice,-0.253569838173911,NA,-0.437198329409123,-0.074582807735408,manner_voicing,Original Results,NA,Weak
HARD,nasal+voice,-0.261251138999122,NA,-0.436276463289949,-0.101350224855806,manner_voicing,Original Results,NA,Weak
HEAD,nasal+voice,-0.236071409291045,NA,-0.400916113332664,-0.077858457762839,manner_voicing,Original Results,NA,Weak
HIT,nasal+voice,-0.268054354687493,NA,-0.433522422271918,-0.106057856856978,manner_voicing,Original Results,NA,Weak
HOW,nasal+voice,0.237374089017941,NA,0.068440608353038,0.404320002491801,manner_voicing,Original Results,NA,Weak
LOWER LEG,nasal+voice,-0.2466482930784,NA,-0.406585074163128,-0.0899215795086,manner_voicing,Original Results,NA,Weak
LUNG,nasal+voice,-0.328113499432109,NA,-0.501223732455302,-0.160853502532678,manner_voicing,Original Results,NA,Weak
MILK,nasal+voice,0.306068353472171,NA,0.123070743917066,0.47974636113588,manner_voicing,Original Results,NA,Weak
NOSE,nasal+voice,0.340213136950839,NA,0.177430110476889,0.503099888803074,manner_voicing,Original Results,NA,Weak
NOT,nasal+voice,0.238975355658068,NA,0.064839275532946,0.408218895549086,manner_voicing,Original Results,NA,Weak
ROUGH,nasal+voice,-0.339836135212455,NA,-0.527850499788534,-0.152587837688501,manner_voicing,Original Results,NA,Weak
RUN,nasal+voice,-0.234980232733607,NA,-0.394002899217733,-0.085713558510884,manner_voicing,Original Results,NA,Weak
SHORT,nasal+voice,-0.24871376935389,NA,-0.421407392722671,-0.079224717568541,manner_voicing,Original Results,NA,Weak
SKIN,nasal+voice,-0.308870456161154,NA,-0.47043162890647,-0.146149595126718,manner_voicing,Original Results,NA,Weak
SMELL,nasal+voice,0.31684643979648,NA,0.142241206050506,0.487299959494057,manner_voicing,Original Results,NA,Weak
SPIT,nasal+voice,-0.362614594953123,NA,-0.534785824189991,-0.198545628117188,manner_voicing,Original Results,NA,Weak
STONE,nasal+voice,-0.295426770369008,NA,-0.4611863256608,-0.135233471883223,manner_voicing,Original Results,NA,Weak
STRONG,nasal+voice,-0.259381300215582,NA,-0.429056442112157,-0.091136039462008,manner_voicing,Original Results,NA,Weak
THINK,nasal+voice,0.333347777560303,NA,0.162738121711383,0.501581273003731,manner_voicing,Original Results,NA,Weak
THIS,nasal+voice,0.278639274596375,NA,0.108253263531666,0.448692758483723,manner_voicing,Original Results,NA,Weak
WHITE,nasal+voice,-0.299936788316676,NA,-0.460919022411176,-0.142139686762215,manner_voicing,Original Results,NA,Weak
WOMAN,nasal+voice,0.229812321685704,NA,0.064377115507426,0.394126024423582,manner_voicing,Original Results,NA,Weak
WE (EXCLUSIVE),stop-voice,-0.227816447983292,NA,-0.379130175825426,-0.077963508573826,manner_voicing,Original Results,NA,Weak
I,stop-voice,-0.348182615471826,NA,-0.501958025206441,-0.202977263605909,manner_voicing,Original Results,NA,Weak
THOU,stop-voice,-0.454265702723729,NA,-0.613934356684618,-0.303528240004929,manner_voicing,Original Results,THOU [stop-voice],Strong
BARK,stop-voice,0.275737129598785,NA,0.127794378751123,0.423268073658543,manner_voicing,Original Results,NA,Weak
BREATHE,stop-voice,-0.368370304853716,NA,-0.533056584527182,-0.207827864122785,manner_voicing,Original Results,NA,Weak
GOOD,stop-voice,-0.277164359428808,NA,-0.425010238180598,-0.136715626059889,manner_voicing,Original Results,NA,Weak
HARD,stop-voice,0.285976207567331,NA,0.136764427517493,0.437813329115144,manner_voicing,Original Results,NA,Weak
HEAD,stop-voice,0.253768234972757,NA,0.112869518858186,0.395809251628667,manner_voicing,Original Results,NA,Weak
HERE,stop-voice,-0.247334937368869,NA,-0.402481879252472,-0.098463900318361,manner_voicing,Original Results,NA,Weak
KNEE,stop-voice,0.224662509581262,NA,0.075110526533278,0.370200105982605,manner_voicing,Original Results,NA,Weak
NAME,stop-voice,-0.283390652122785,NA,-0.434403810655386,-0.139977385915883,manner_voicing,Original Results,NA,Weak
NOSE,stop-voice,-0.254933344781545,NA,-0.405707334259432,-0.108791673996085,manner_voicing,Original Results,NA,Weak
NOT,stop-voice,-0.318121061133964,NA,-0.47572435552187903,-0.168882646368799,manner_voicing,Original Results,NA,Weak
OTHER,stop-voice,-0.238724303620856,NA,-0.406219071352429,-0.077688683067808,manner_voicing,Original Results,NA,Weak
ROUGH,stop-voice,0.237312030568788,NA,0.058529561363979,0.408299181543156,manner_voicing,Original Results,NA,Weak
SAND,stop-voice,-0.228295730885217,NA,-0.383987693930343,-0.082159904806983,manner_voicing,Original Results,NA,Weak
SHORT,stop-voice,0.419515628695271,NA,0.26576787111624,0.566818001248619,manner_voicing,Original Results,SHORT [stop-voice],Strong
SMALL,stop-voice,0.242836250699776,NA,0.092551546625697,0.390193057414732,manner_voicing,Original Results,NA,Weak
SMELL,stop-voice,-0.259262884083613,NA,-0.414517674850198,-0.102975780410369,manner_voicing,Original Results,NA,Weak
SPIT,stop-voice,0.272207522276577,NA,0.124341628951609,0.417873537571223,manner_voicing,Original Results,NA,Weak
THIS,stop-voice,-0.242838842816607,NA,-0.39947433955314,-0.090386345122722,manner_voicing,Original Results,NA,Weak
TIE,stop-voice,0.224597733589363,NA,0.077449917669278,0.362533757812676,manner_voicing,Original Results,NA,Weak
TONGUE,stop-voice,-0.251905155628625,NA,-0.402787534604264,-0.111652067892924,manner_voicing,Original Results,NA,Weak
I,labial,-0.301640600021381,NA,-0.468075609471162,-0.137287562771683,position,Original Results,NA,Weak
BLOW (OF WIND),labial,0.623661933081225,NA,0.451545422586914,0.802082215693908,position,Original Results,BLOW (OF WIND) [labial],Strong
COUGH,labial,-0.290341657067299,NA,-0.466244130257123,-0.122235319244697,position,Original Results,NA,Weak
FLAT,labial,0.30280389292203,NA,0.11309578998612,0.486550001763933,position,Original Results,NA,Weak
HERE,labial,-0.237171232458232,NA,-0.413600107878207,-0.067688928277343,position,Original Results,NA,Weak
LAUGH,labial,-0.262202066445718,NA,-0.429549279299094,-0.095326188721599,position,Original Results,NA,Weak
LUNG,labial,0.240227478138996,NA,0.059022893850218,0.415167060022408,position,Original Results,NA,Weak
MILK,labial,0.249109584906447,NA,0.069634756754486,0.431491084790747,position,Original Results,NA,Weak
SNEEZE,labial,-0.369453051282835,NA,-0.547725919945798,-0.199906050005206,position,Original Results,NA,Weak
SNORE,labial,-0.426613964305488,NA,-0.612698357669707,-0.248283207487992,position,Original Results,SNORE [labial],Strong
STAND,labial,-0.29968924453987,NA,-0.462271764580787,-0.13585363866314,position,Original Results,NA,Weak
THIS,labial,-0.243856020435848,NA,-0.420441700651293,-0.074929112259583,position,Original Results,NA,Weak
TOOTH,labial,-0.267313576007167,NA,-0.436190275125164,-0.102977208405226,position,Original Results,NA,Weak
BLOW (OF WIND),alveolar+voice,-0.270541299633635,NA,-0.43369827238195,-0.10792185483855,position_voicing,Original Results,NA,Weak
COUGH,alveolar+voice,-0.250428611251681,NA,-0.413438086894743,-0.096176467657527,position_voicing,Original Results,NA,Weak
GREEN,alveolar+voice,0.236601862700859,NA,0.076589802953612,0.392395023905152,position_voicing,Original Results,NA,Weak
LIE DOWN,alveolar+voice,0.228176584021164,NA,0.057613053635901,0.397009108638502,position_voicing,Original Results,NA,Weak
SAD,alveolar+voice,0.226233236525491,NA,0.044152156296774,0.401272089222505,position_voicing,Original Results,NA,Weak
SNEEZE,alveolar+voice,-0.330678615465203,NA,-0.497772994234033,-0.162016121208352,position_voicing,Original Results,NA,Weak
SNORE,alveolar+voice,0.444162617518165,NA,0.264337776014667,0.62307181731447,position_voicing,Original Results,SNORE [alveolar+voice],Strong
SPIT,alveolar+voice,-0.277122347495144,NA,-0.451021898267868,-0.113806210644945,position_voicing,Original Results,NA,Weak
THUNDER,alveolar+voice,0.31693077291343,NA,0.150199390100882,0.478555089155301,position_voicing,Original Results,NA,Weak
TONGUE,alveolar+voice,0.525491235903165,NA,0.361102075538041,0.679611459546301,position_voicing,Original Results,TONGUE [alveolar+voice],Strong
TURN,alveolar+voice,0.335648407511658,NA,0.175530164341924,0.494345036185178,position_voicing,Original Results,NA,Weak
WATER,alveolar+voice,-0.259856031353491,NA,-0.421925497213696,-0.104849478754584,position_voicing,Original Results,NA,Weak
